#,Employee ID,Business Acumen,Interpersonal Sensitivity,Problem Solving and Decision Making,Comm Skills,Corporate Steward,Relevant Professional Understanding,Proficiency in the use of System and Tools,Data Management,People Devt,Strategic Management
1,Employee 1,3,3,3,3,3,3,3,3,3,3
2,Employee 2,2,2,2,2,2,2,2,2,0,0
3,Employee 3,3,3,3,3,3,3,3,3,0,0
4,Employee 4,2,2,2,2,2,2,2,2,0,0
5,Employee 5,2,2,2,2,2,2,2,2,0,0
6,Employee 6,2,2,2,2,2,2,2,2,0,0
7,Employee 7,2,2,2,2,2,2,2,2,0,0
8,Employee 8,3,3,3,3,3,3,3,3,0,0
9,Employee 9,2,2,2,2,2,2,2,2,0,0
10,Employee 10,2,2,2,2,2,2,2,2,0,0
11,Employee 11,2,2,2,2,2,2,2,2,0,0
12,Employee 12,3,3,3,3,3,3,3,3,0,0
13,Employee 13,2,2,2,2,2,2,2,2,0,0
14,Employee 14,2,2,2,2,2,2,2,2,0,0
15,Employee 15,2,2,2,2,2,2,2,2,0,0
16,Employee 16,2,2,2,2,2,2,2,2,0,0
17,Employee 17,2,2,2,2,2,2,2,2,0,0
18,Employee 18,2,2,2,2,2,2,2,2,0,0
19,Employee 19,2,2,2,2,2,2,2,2,0,0
20,Employee 20,2,2,2,2,2,2,2,2,0,0
21,Employee 21,2,2,2,2,2,2,2,2,0,0
22,Employee 22,2,2,2,2,2,2,2,2,0,0
23,Employee 23,2,2,2,2,2,2,2,2,0,0
24,Employee 24,2,2,2,2,2,2,2,2,0,0
25,Employee 25,2,2,2,2,2,2,2,2,0,0
26,Employee 26,2,2,2,2,2,2,2,2,0,0
27,Employee 27,2,2,2,2,2,2,2,2,0,0
28,Employee 28,2,2,2,2,2,2,2,2,0,0
29,Employee 29,3,3,3,3,3,3,3,3,0,0
30,Employee 30,2,2,2,2,2,2,2,2,0,0
31,Employee 31,2,2,2,2,2,2,2,2,0,0
32,Employee 32,2,2,2,2,2,2,2,2,0,0
33,Employee 33,2,2,2,2,2,2,2,2,0,0
34,Employee 34,2,2,2,2,2,2,2,2,0,0
35,Employee 35,2,2,2,2,2,2,2,2,0,0
36,Employee 36,2,2,2,2,2,2,2,2,0,0
37,Employee 37,2,2,2,2,2,2,2,2,0,0
38,Employee 38,2,2,2,2,2,2,2,2,0,0
39,Employee 39,2,2,2,2,2,2,2,2,0,0
40,Employee 40,2,2,2,2,2,2,2,2,0,0
41,Employee 41,2,2,2,2,2,2,2,2,0,0
42,Employee 42,3,3,3,3,3,3,3,3,0,0
43,Employee 43,2,2,2,2,2,2,2,2,0,0
44,Employee 44,2,2,2,2,2,2,2,2,0,0
45,Employee 45,2,2,2,2,2,2,2,2,0,0
46,Employee 46,3,3,3,3,3,3,3,3,3,3
47,Employee 47,2,2,2,2,2,2,2,2,0,0
48,Employee 48,2,2,2,2,2,2,2,2,0,0
49,Employee 49,2,2,2,2,2,2,2,2,0,0
50,Employee 50,2,2,2,2,2,2,2,2,0,0
51,Employee 51,2,2,2,2,2,2,2,2,0,0
52,Employee 52,2,2,2,2,2,2,2,2,0,0
53,Employee 53,2,2,2,2,2,2,2,2,0,0
54,Employee 54,2,2,2,2,2,2,2,2,0,0
55,Employee 55,2,2,2,2,2,2,2,2,0,0
56,Employee 56,2,2,2,2,2,2,2,2,0,0
57,Employee 57,2,2,2,2,2,2,2,2,0,0
58,Employee 58,2,2,2,2,2,2,2,2,0,0
59,Employee 59,3,3,3,3,3,3,3,3,0,0
60,Employee 60,4,4,4,4,4,4,4,4,3,3
61,Employee 61,2,2,2,2,2,2,2,2,0,0
62,Employee 62,2,2,2,2,2,2,2,2,0,0
63,Employee 63,2,2,2,2,2,2,2,2,0,0
64,Employee 64,3,3,3,3,3,3,3,3,0,0
65,Employee 65,3,3,3,3,3,3,3,3,0,0
66,Employee 66,2,2,2,2,2,2,2,2,0,0
67,Employee 67,2,2,2,2,2,2,2,2,0,0
68,Employee 68,2,2,2,2,2,2,2,2,0,0
69,Employee 69,2,2,2,2,2,2,2,2,0,0
70,Employee 70,2,2,2,2,2,2,2,2,0,0
71,Employee 71,2,2,2,2,2,2,2,2,0,0
72,Employee 72,2,2,2,2,2,2,2,2,0,0
73,Employee 73,2,2,2,2,2,2,2,2,0,0
74,Employee 74,2,2,2,2,2,2,2,2,0,0
75,Employee 75,2,2,2,2,2,2,2,2,0,0
76,Employee 76,2,2,2,2,2,2,2,2,0,0
77,Employee 77,2,2,2,2,2,2,2,2,0,0
78,Employee 78,2,2,2,2,2,2,2,2,0,0
79,Employee 79,2,2,2,2,2,2,2,2,0,0
80,Employee 80,2,2,2,2,2,2,2,2,0,0
81,Employee 81,2,2,2,2,2,2,2,2,0,0
82,Employee 82,2,2,2,2,2,2,2,2,0,0
83,Employee 83,2,2,2,2,2,2,2,2,0,0
84,Employee 84,2,2,2,2,2,2,2,2,0,0
85,Employee 85,2,2,2,2,2,2,2,2,0,0
86,Employee 86,2,2,2,2,2,2,2,2,0,0
87,Employee 87,2,2,2,2,2,2,2,2,0,0
88,Employee 88,2,2,2,2,2,2,2,2,0,0
89,Employee 89,2,2,2,2,2,2,2,2,0,0
90,Employee 90,2,2,2,2,2,2,2,2,0,0
91,Employee 91,2,2,2,2,2,2,2,2,0,0
92,Employee 92,2,2,2,2,2,2,2,2,0,0
93,Employee 93,2,2,2,2,2,2,2,2,0,0
94,Employee 94,2,2,2,2,2,2,2,2,0,0
95,Employee 95,2,2,2,2,2,2,2,2,0,0
96,Employee 96,2,2,2,2,2,2,2,2,0,0
97,Employee 97,2,2,2,2,2,2,2,2,0,0
98,Employee 98,2,2,2,2,2,2,2,2,0,0
99,Employee 99,2,2,2,2,2,2,2,2,0,0
100,Employee 100,2,2,2,2,2,2,2,2,0,0
101,Employee 101,2,2,2,2,2,2,2,2,0,0
102,Employee 102,2,2,2,2,2,2,2,2,0,0
103,Employee 103,2,2,2,2,2,2,2,2,0,0
104,Employee 104,2,2,2,2,2,2,2,2,0,0
105,Employee 105,2,2,2,2,2,2,2,2,0,0
106,Employee 106,3,3,3,3,3,3,3,3,0,0
107,Employee 107,2,2,2,2,2,2,2,2,0,0
108,Employee 108,2,2,2,2,2,2,2,2,0,0
109,Employee 109,2,2,2,2,2,2,2,2,0,0
110,Employee 110,2,2,2,2,2,2,2,2,0,0
111,Employee 111,3,3,3,3,3,3,3,3,0,0
112,Employee 112,2,2,2,2,2,2,2,2,0,0
113,Employee 113,2,2,2,2,2,2,2,2,0,0
114,Employee 114,2,2,2,2,2,2,2,2,0,0
115,Employee 115,2,2,2,2,2,2,2,2,0,0
116,Employee 116,2,2,2,2,2,2,2,2,0,0
117,Employee 117,2,2,2,2,2,2,2,2,0,0
118,Employee 118,2,2,2,2,2,2,2,2,0,0
119,Employee 119,2,2,2,2,2,2,2,2,0,0
120,Employee 120,2,2,2,2,2,2,2,2,0,0
121,Employee 121,2,2,2,2,2,2,2,2,0,0
122,Employee 122,2,2,2,2,2,2,2,2,0,0
123,Employee 123,2,2,2,2,2,2,2,2,0,0
124,Employee 124,2,2,2,2,2,2,2,2,0,0
125,Employee 125,3,3,3,3,3,3,3,3,3,3
126,Employee 126,3,3,3,3,3,3,3,3,0,0
127,Employee 127,2,2,2,2,2,2,2,2,0,0
128,Employee 128,2,2,2,2,2,2,2,2,0,0
129,Employee 129,2,2,2,2,2,2,2,2,0,0
130,Employee 130,2,2,2,2,2,2,2,2,0,0
131,Employee 131,2,2,2,2,2,2,2,2,0,0
132,Employee 132,2,2,2,2,2,2,2,2,0,0
133,Employee 133,2,2,2,2,2,2,2,2,0,0
134,Employee 134,2,2,2,2,2,2,2,2,0,0
135,Employee 135,3,3,3,3,3,3,3,3,0,0
136,Employee 136,2,2,2,2,2,2,2,2,0,0
137,Employee 137,2,2,2,2,2,2,2,2,0,0
138,Employee 138,2,2,2,2,2,2,2,2,0,0
139,Employee 139,2,2,2,2,2,2,2,2,0,0
140,Employee 140,2,2,2,2,2,2,2,2,0,0
141,Employee 141,2,2,2,2,2,2,2,2,0,0
142,Employee 142,3,3,3,3,3,3,3,3,3,3
143,Employee 143,2,2,2,2,2,2,2,2,0,0
144,Employee 144,2,2,2,2,2,2,2,2,0,0
145,Employee 145,2,2,2,2,2,2,2,2,0,0
146,Employee 146,3,3,3,3,3,3,3,3,0,0
147,Employee 147,3,3,3,3,3,3,3,3,0,0
148,Employee 148,2,2,2,2,2,2,2,2,0,0
149,Employee 149,2,2,2,2,2,2,2,2,0,0
150,Employee 150,2,2,2,2,2,2,2,2,0,0
151,Employee 151,2,2,2,2,2,2,2,2,0,0
152,Employee 152,2,2,2,2,2,2,2,2,0,0
153,Employee 153,2,2,2,2,2,2,2,2,0,0
154,Employee 154,2,2,2,2,2,2,2,2,0,0
155,Employee 155,3,3,3,3,3,3,3,3,0,0
156,Employee 156,2,2,2,2,2,2,2,2,0,0
157,Employee 157,2,2,2,2,2,2,2,2,0,0
158,Employee 158,3,3,3,3,3,3,3,3,0,0
159,Employee 159,3,3,3,3,3,3,3,3,3,3
160,Employee 160,3,3,3,3,3,3,3,3,0,0
161,Employee 161,2,2,2,2,2,2,2,2,0,0
162,Employee 162,3,3,3,3,3,3,3,3,3,3
163,Employee 163,2,2,2,2,2,2,2,2,0,0
164,Employee 164,2,2,2,2,2,2,2,2,0,0
165,Employee 165,2,2,2,2,2,2,2,2,0,0
166,Employee 166,2,2,2,2,2,2,2,2,0,0
167,Employee 167,2,2,2,2,2,2,2,2,0,0
168,Employee 168,2,2,2,2,2,2,2,2,0,0
169,Employee 169,2,2,2,2,2,2,2,2,0,0
170,Employee 170,3,3,3,3,3,3,3,3,0,0
171,Employee 171,2,2,2,2,2,2,2,2,0,0
172,Employee 172,2,2,2,2,2,2,2,2,0,0
173,Employee 173,2,2,2,2,2,2,2,2,0,0
174,Employee 174,3,3,3,3,3,3,3,3,0,0
175,Employee 175,2,2,2,2,2,2,2,2,0,0
176,Employee 176,3,3,3,3,3,3,3,3,0,0
177,Employee 177,2,2,2,2,2,2,2,2,0,0
178,Employee 178,2,2,2,2,2,2,2,2,0,0
179,Employee 179,2,2,2,2,2,2,2,2,0,0
180,Employee 180,2,2,2,2,2,2,2,2,0,0
181,Employee 181,2,2,2,2,2,2,2,2,0,0
182,Employee 182,2,2,2,2,2,2,2,2,0,0
183,Employee 183,2,2,2,2,2,2,2,2,0,0
184,Employee 184,2,2,2,2,2,2,2,2,0,0
185,Employee 185,2,2,2,2,2,2,2,2,0,0
186,Employee 186,2,2,2,2,2,2,2,2,0,0
187,Employee 187,2,2,2,2,2,2,2,2,0,0
188,Employee 188,3,3,3,3,3,3,3,3,0,0
189,Employee 189,2,2,2,2,2,2,2,2,0,0
190,Employee 190,2,2,2,2,2,2,2,2,0,0
191,Employee 191,2,2,2,2,2,2,2,2,0,0
192,Employee 192,2,2,2,2,2,2,2,2,0,0
193,Employee 193,3,3,3,3,3,3,3,3,3,3
194,Employee 194,3,3,3,3,3,3,3,3,0,0
195,Employee 195,2,2,2,2,2,2,2,2,0,0
196,Employee 196,2,2,2,2,2,2,2,2,0,0
197,Employee 197,3,3,3,3,3,3,3,3,3,3
198,Employee 198,2,2,2,2,2,2,2,2,0,0
199,Employee 199,2,2,2,2,2,2,2,2,0,0
200,Employee 200,2,2,2,2,2,2,2,2,0,0
201,Employee 201,2,2,2,2,2,2,2,2,0,0
202,Employee 202,2,2,2,2,2,2,2,2,0,0
203,Employee 203,2,2,2,2,2,2,2,2,0,0
204,Employee 204,2,2,2,2,2,2,2,2,0,0
205,Employee 205,2,2,2,2,2,2,2,2,0,0
206,Employee 206,2,2,2,2,2,2,2,2,0,0
207,Employee 207,2,2,2,2,2,2,2,2,0,0
208,Employee 208,2,2,2,2,2,2,2,2,0,0
209,Employee 209,2,2,2,2,2,2,2,2,0,0
210,Employee 210,2,2,2,2,2,2,2,2,0,0
211,Employee 211,2,2,2,2,2,2,2,2,0,0
212,Employee 212,2,2,2,2,2,2,2,2,0,0
213,Employee 213,2,2,2,2,2,2,2,2,0,0
214,Employee 214,2,2,2,2,2,2,2,2,0,0
215,Employee 215,2,2,2,2,2,2,2,2,0,0
216,Employee 216,3,3,3,3,3,3,3,3,0,0
217,Employee 217,2,2,2,2,2,2,2,2,0,0
218,Employee 218,2,2,2,2,2,2,2,2,0,0
219,Employee 219,2,2,2,2,2,2,2,2,0,0
220,Employee 220,2,2,2,2,2,2,2,2,0,0
221,Employee 221,2,2,2,2,2,2,2,2,0,0
222,Employee 222,2,2,2,2,2,2,2,2,0,0
223,Employee 223,3,3,3,3,3,3,3,3,3,3
224,Employee 224,2,2,2,2,2,2,2,2,0,0
225,Employee 225,2,2,2,2,2,2,2,2,0,0
226,Employee 226,2,2,2,2,2,2,2,2,0,0
227,Employee 227,2,2,2,2,2,2,2,2,0,0
228,Employee 228,2,2,2,2,2,2,2,2,0,0
229,Employee 229,2,2,2,2,2,2,2,2,0,0
230,Employee 230,2,2,2,2,2,2,2,2,0,0
231,Employee 231,2,2,2,2,2,2,2,2,0,0
232,Employee 232,2,2,2,2,2,2,2,2,0,0
233,Employee 233,3,3,3,3,3,3,3,3,0,0
234,Employee 234,2,2,2,2,2,2,2,2,0,0
235,Employee 235,2,2,2,2,2,2,2,2,0,0
236,Employee 236,2,2,2,2,2,2,2,2,0,0
237,Employee 237,2,2,2,2,2,2,2,2,0,0
238,Employee 238,2,2,2,2,2,2,2,2,0,0
239,Employee 239,2,2,2,2,2,2,2,2,0,0
240,Employee 240,2,2,2,2,2,2,2,2,0,0
241,Employee 241,2,2,2,2,2,2,2,2,0,0
242,Employee 242,2,2,2,2,2,2,2,2,0,0
243,Employee 243,2,2,2,2,2,2,2,2,0,0
244,Employee 244,2,2,2,2,2,2,2,2,0,0
245,Employee 245,3,3,3,3,3,3,3,3,3,3
246,Employee 246,2,2,2,2,2,2,2,2,0,0
247,Employee 247,2,2,2,2,2,2,2,2,0,0
248,Employee 248,2,2,2,2,2,2,2,2,0,0
249,Employee 249,2,2,2,2,2,2,2,2,0,0
250,Employee 250,2,2,2,2,2,2,2,2,0,0
251,Employee 251,2,2,2,2,2,2,2,2,0,0
252,Employee 252,2,2,2,2,2,2,2,2,0,0
253,Employee 253,2,2,2,2,2,2,2,2,0,0
254,Employee 254,2,2,2,2,2,2,2,2,0,0
255,Employee 255,2,2,2,2,2,2,2,2,0,0
256,Employee 256,2,2,2,2,2,2,2,2,0,0
257,Employee 257,2,2,2,2,2,2,2,2,0,0
258,Employee 258,2,2,2,2,2,2,2,2,0,0
259,Employee 259,2,2,2,2,2,2,2,2,0,0
260,Employee 260,2,2,2,2,2,2,2,2,0,0
261,Employee 261,2,2,2,2,2,2,2,2,0,0
262,Employee 262,2,2,2,2,2,2,2,2,0,0
263,Employee 263,2,2,2,2,2,2,2,2,0,0
264,Employee 264,2,2,2,2,2,2,2,2,0,0
265,Employee 265,2,2,2,2,2,2,2,2,0,0
266,Employee 266,2,2,2,2,2,2,2,2,0,0
267,Employee 267,2,2,2,2,2,2,2,2,0,0
268,Employee 268,2,2,2,2,2,2,2,2,0,0
269,Employee 269,2,2,2,2,2,2,2,2,0,0
270,Employee 270,2,2,2,2,2,2,2,2,0,0
271,Employee 271,2,2,2,2,2,2,2,2,0,0
272,Employee 272,2,2,2,2,2,2,2,2,0,0
273,Employee 273,2,2,2,2,2,2,2,2,0,0
274,Employee 274,2,2,2,2,2,2,2,2,0,0
275,Employee 275,2,2,2,2,2,2,2,2,0,0
276,Employee 276,3,3,3,3,3,3,3,3,0,0
277,Employee 277,2,2,2,2,2,2,2,2,0,0
278,Employee 278,2,2,2,2,2,2,2,2,0,0
279,Employee 279,2,2,2,2,2,2,2,2,0,0
280,Employee 280,2,2,2,2,2,2,2,2,0,0
281,Employee 281,2,2,2,2,2,2,2,2,0,0
282,Employee 282,2,2,2,2,2,2,2,2,0,0
283,Employee 283,3,3,3,3,3,3,3,3,0,0
284,Employee 284,2,2,2,2,2,2,2,2,0,0
285,Employee 285,2,2,2,2,2,2,2,2,0,0
286,Employee 286,2,2,2,2,2,2,2,2,0,0
287,Employee 287,2,2,2,2,2,2,2,2,0,0
288,Employee 288,2,2,2,2,2,2,2,2,0,0
289,Employee 289,2,2,2,2,2,2,2,2,0,0
290,Employee 290,2,2,2,2,2,2,2,2,0,0
291,Employee 291,2,2,2,2,2,2,2,2,0,0
292,Employee 292,2,2,2,2,2,2,2,2,0,0
293,Employee 293,2,2,2,2,2,2,2,2,0,0
294,Employee 294,2,2,2,2,2,2,2,2,0,0
295,Employee 295,2,2,2,2,2,2,2,2,0,0
296,Employee 296,2,2,2,2,2,2,2,2,0,0
297,Employee 297,2,2,2,2,2,2,2,2,0,0
298,Employee 298,2,2,2,2,2,2,2,2,0,0
299,Employee 299,2,2,2,2,2,2,2,2,0,0
300,Employee 300,2,2,2,2,2,2,2,2,0,0
301,Employee 301,2,2,2,2,2,2,2,2,0,0
302,Employee 302,2,2,2,2,2,2,2,2,0,0
303,Employee 303,2,2,2,2,2,2,2,2,0,0
304,Employee 304,2,2,2,2,2,2,2,2,0,0
305,Employee 305,2,2,2,2,2,2,2,2,0,0
306,Employee 306,2,2,2,2,2,2,2,2,0,0
307,Employee 307,2,2,2,2,2,2,2,2,0,0
308,Employee 308,2,2,2,2,2,2,2,2,0,0
309,Employee 309,2,2,2,2,2,2,2,2,0,0
310,Employee 310,2,2,2,2,2,2,2,2,0,0
311,Employee 311,2,2,2,2,2,2,2,2,0,0
312,Employee 312,2,2,2,2,2,2,2,2,0,0
313,Employee 313,2,2,2,2,2,2,2,2,0,0
314,Employee 314,2,2,2,2,2,2,2,2,0,0
315,Employee 315,2,2,2,2,2,2,2,2,0,0
316,Employee 316,2,2,2,2,2,2,2,2,0,0
317,Employee 317,3,3,3,3,3,3,3,3,0,0
318,Employee 318,2,2,2,2,2,2,2,2,0,0
319,Employee 319,2,2,2,2,2,2,2,2,0,0
320,Employee 320,2,2,2,2,2,2,2,2,0,0
321,Employee 321,2,2,2,2,2,2,2,2,0,0
322,Employee 322,3,3,3,3,3,3,3,3,3,3
323,Employee 323,2,2,2,2,2,2,2,2,0,0
324,Employee 324,2,2,2,2,2,2,2,2,0,0
325,Employee 325,3,3,3,3,3,3,3,3,0,0
326,Employee 326,2,2,2,2,2,2,2,2,0,0
327,Employee 327,2,2,2,2,2,2,2,2,0,0
328,Employee 328,2,2,2,2,2,2,2,2,0,0
329,Employee 329,2,2,2,2,2,2,2,2,0,0
330,Employee 330,2,2,2,2,2,2,2,2,0,0
331,Employee 331,2,2,2,2,2,2,2,2,0,0
332,Employee 332,2,2,2,2,2,2,2,2,0,0
333,Employee 333,2,2,2,2,2,2,2,2,0,0
334,Employee 334,2,2,2,2,2,2,2,2,0,0
335,Employee 335,2,2,2,2,2,2,2,2,0,0
336,Employee 336,2,2,2,2,2,2,2,2,0,0
337,Employee 337,2,2,2,2,2,2,2,2,0,0
338,Employee 338,2,2,2,2,2,2,2,2,0,0
339,Employee 339,2,2,2,2,2,2,2,2,0,0
340,Employee 340,2,2,2,2,2,2,2,2,0,0
341,Employee 341,2,2,2,2,2,2,2,2,0,0
342,Employee 342,2,2,2,2,2,2,2,2,0,0
343,Employee 343,3,3,3,3,3,3,3,3,0,0
344,Employee 344,2,2,2,2,2,2,2,2,0,0
345,Employee 345,2,2,2,2,2,2,2,2,0,0
346,Employee 346,2,2,2,2,2,2,2,2,0,0
347,Employee 347,2,2,2,2,2,2,2,2,0,0
348,Employee 348,2,2,2,2,2,2,2,2,0,0
349,Employee 349,2,2,2,2,2,2,2,2,0,0
350,Employee 350,2,2,2,2,2,2,2,2,0,0
351,Employee 351,2,2,2,2,2,2,2,2,0,0
352,Employee 352,2,2,2,2,2,2,2,2,0,0
353,Employee 353,2,2,2,2,2,2,2,2,0,0
354,Employee 354,2,2,2,2,2,2,2,2,0,0
355,Employee 355,2,2,2,2,2,2,2,2,0,0
356,Employee 356,2,2,2,2,2,2,2,2,0,0
357,Employee 357,2,2,2,2,2,2,2,2,0,0
358,Employee 358,3,3,3,3,3,3,3,3,3,3
359,Employee 359,2,2,2,2,2,2,2,2,0,0
360,Employee 360,2,2,2,2,2,2,2,2,0,0
361,Employee 361,2,2,2,2,2,2,2,2,0,0
362,Employee 362,2,2,2,2,2,2,2,2,0,0
363,Employee 363,2,2,2,2,2,2,2,2,0,0
364,Employee 364,2,2,2,2,2,2,2,2,0,0
365,Employee 365,2,2,2,2,2,2,2,2,0,0
366,Employee 366,2,2,2,2,2,2,2,2,0,0
367,Employee 367,2,2,2,2,2,2,2,2,0,0
368,Employee 368,2,2,2,2,2,2,2,2,0,0
369,Employee 369,2,2,2,2,2,2,2,2,0,0
370,Employee 370,2,2,2,2,2,2,2,2,0,0
371,Employee 371,3,3,3,3,3,3,3,3,0,0
372,Employee 372,2,2,2,2,2,2,2,2,0,0
373,Employee 373,2,2,2,2,2,2,2,2,0,0
374,Employee 374,2,2,2,2,2,2,2,2,0,0
375,Employee 375,2,2,2,2,2,2,2,2,0,0
376,Employee 376,2,2,2,2,2,2,2,2,0,0
377,Employee 377,2,2,2,2,2,2,2,2,0,0
378,Employee 378,2,2,2,2,2,2,2,2,0,0
379,Employee 379,2,2,2,2,2,2,2,2,0,0
380,Employee 380,2,2,2,2,2,2,2,2,0,0
381,Employee 381,2,2,2,2,2,2,2,2,0,0
382,Employee 382,3,3,3,3,3,3,3,3,0,0
383,Employee 383,2,2,2,2,2,2,2,2,0,0
384,Employee 384,2,2,2,2,2,2,2,2,0,0
385,Employee 385,3,3,3,3,3,3,3,3,0,0
386,Employee 386,2,2,2,2,2,2,2,2,0,0
387,Employee 387,2,2,2,2,2,2,2,2,0,0
388,Employee 388,2,2,2,2,2,2,2,2,0,0
389,Employee 389,2,2,2,2,2,2,2,2,0,0
390,Employee 390,2,2,2,2,2,2,2,2,0,0
391,Employee 391,2,2,2,2,2,2,2,2,0,0
392,Employee 392,2,2,2,2,2,2,2,2,0,0
393,Employee 393,2,2,2,2,2,2,2,2,0,0
394,Employee 394,2,2,2,2,2,2,2,2,0,0
395,Employee 395,2,2,2,2,2,2,2,2,0,0
396,Employee 396,2,2,2,2,2,2,2,2,0,0
397,Employee 397,2,2,2,2,2,2,2,2,0,0
398,Employee 398,2,2,2,2,2,2,2,2,0,0
399,Employee 399,3,3,3,3,3,3,3,3,0,0
400,Employee 400,2,2,2,2,2,2,2,2,0,0
401,Employee 401,2,2,2,2,2,2,2,2,0,0
402,Employee 402,2,2,2,2,2,2,2,2,0,0
403,Employee 403,2,2,2,2,2,2,2,2,0,0
404,Employee 404,2,2,2,2,2,2,2,2,0,0
405,Employee 405,2,2,2,2,2,2,2,2,0,0
406,Employee 406,2,2,2,2,2,2,2,2,0,0
407,Employee 407,2,2,2,2,2,2,2,2,0,0
408,Employee 408,2,2,2,2,2,2,2,2,0,0
409,Employee 409,2,2,2,2,2,2,2,2,0,0
410,Employee 410,2,2,2,2,2,2,2,2,0,0
411,Employee 411,2,2,2,2,2,2,2,2,0,0
412,Employee 412,2,2,2,2,2,2,2,2,0,0
413,Employee 413,2,2,2,2,2,2,2,2,0,0
414,Employee 414,2,2,2,2,2,2,2,2,0,0
415,Employee 415,2,2,2,2,2,2,2,2,0,0
416,Employee 416,2,2,2,2,2,2,2,2,0,0
417,Employee 417,2,2,2,2,2,2,2,2,0,0
418,Employee 418,2,2,2,2,2,2,2,2,0,0
419,Employee 419,2,2,2,2,2,2,2,2,0,0
420,Employee 420,2,2,2,2,2,2,2,2,0,0
421,Employee 421,2,2,2,2,2,2,2,2,0,0
422,Employee 422,2,2,2,2,2,2,2,2,0,0
423,Employee 423,2,2,2,2,2,2,2,2,0,0
424,Employee 424,2,2,2,2,2,2,2,2,0,0
425,Employee 425,2,2,2,2,2,2,2,2,0,0
426,Employee 426,2,2,2,2,2,2,2,2,0,0
427,Employee 427,2,2,2,2,2,2,2,2,0,0
428,Employee 428,2,2,2,2,2,2,2,2,0,0
429,Employee 429,3,3,3,3,3,3,3,3,0,0
430,Employee 430,2,2,2,2,2,2,2,2,0,0
431,Employee 431,2,2,2,2,2,2,2,2,0,0
432,Employee 432,2,2,2,2,2,2,2,2,0,0
433,Employee 433,2,2,2,2,2,2,2,2,0,0
434,Employee 434,2,2,2,2,2,2,2,2,0,0
435,Employee 435,2,2,2,2,2,2,2,2,0,0
436,Employee 436,2,2,2,2,2,2,2,2,0,0
437,Employee 437,2,2,2,2,2,2,2,2,0,0
438,Employee 438,2,2,2,2,2,2,2,2,0,0
439,Employee 439,3,3,3,3,3,3,3,3,0,0
440,Employee 440,2,2,2,2,2,2,2,2,0,0
441,Employee 441,2,2,2,2,2,2,2,2,0,0
442,Employee 442,2,2,2,2,2,2,2,2,0,0
443,Employee 443,3,3,3,3,3,3,3,3,0,0
444,Employee 444,2,2,2,2,2,2,2,2,0,0
445,Employee 445,2,2,2,2,2,2,2,2,0,0
446,Employee 446,2,2,2,2,2,2,2,2,0,0
447,Employee 447,2,2,2,2,2,2,2,2,0,0
448,Employee 448,2,2,2,2,2,2,2,2,0,0
449,Employee 449,2,2,2,2,2,2,2,2,0,0
450,Employee 450,2,2,2,2,2,2,2,2,0,0
451,Employee 451,2,2,2,2,2,2,2,2,0,0
452,Employee 452,2,2,2,2,2,2,2,2,0,0
453,Employee 453,2,2,2,2,2,2,2,2,0,0
454,Employee 454,2,2,2,2,2,2,2,2,0,0
455,Employee 455,2,2,2,2,2,2,2,2,0,0
456,Employee 456,2,2,2,2,2,2,2,2,0,0
457,Employee 457,2,2,2,2,2,2,2,2,0,0
458,Employee 458,2,2,2,2,2,2,2,2,0,0
459,Employee 459,2,2,2,2,2,2,2,2,0,0
460,Employee 460,2,2,2,2,2,2,2,2,0,0
461,Employee 461,2,2,2,2,2,2,2,2,0,0
462,Employee 462,2,2,2,2,2,2,2,2,0,0
463,Employee 463,2,2,2,2,2,2,2,2,0,0
464,Employee 464,2,2,2,2,2,2,2,2,0,0
465,Employee 465,2,2,2,2,2,2,2,2,0,0
466,Employee 466,2,2,2,2,2,2,2,2,0,0
467,Employee 467,2,2,2,2,2,2,2,2,0,0
468,Employee 468,2,2,2,2,2,2,2,2,0,0
469,Employee 469,2,2,2,2,2,2,2,2,0,0
470,Employee 470,2,2,2,2,2,2,2,2,0,0
471,Employee 471,2,2,2,2,2,2,2,2,0,0
472,Employee 472,2,2,2,2,2,2,2,2,0,0
473,Employee 473,2,2,2,2,2,2,2,2,0,0
474,Employee 474,2,2,2,2,2,2,2,2,0,0
475,Employee 547,3,3,3,3,3,3,3,3,3,3
476,Employee 572,2,2,2,2,2,2,2,2,0,0
477,Employee 523,2,2,2,2,2,2,2,2,0,0
478,Employee 616,2,2,2,2,2,2,2,2,0,0
479,Employee 586,3,3,3,3,3,3,3,3,0,0
480,Employee 554,3,3,3,3,3,3,3,3,3,3
481,Employee 655,2,2,2,2,2,2,2,2,0,0
482,Employee 578,3,3,3,3,3,3,3,3,0,0
483,Employee 592,3,3,3,3,3,3,3,3,3,3
484,Employee 494,3,3,3,3,3,3,3,3,0,0
485,Employee 527,3,3,3,3,3,3,3,3,4,4
486,Employee 649,3,3,3,3,3,3,3,3,0,0
487,Employee 600,3,3,3,3,3,3,3,3,0,0
488,Employee 668,3,3,3,3,3,3,3,3,0,0
489,Employee 575,2,2,2,2,2,2,2,2,0,0
490,Employee 608,2,2,2,2,2,2,2,2,0,0
491,Employee 533,2,2,2,2,2,2,2,2,0,0
492,Employee 621,3,3,3,3,3,3,3,3,0,0
493,Employee 542,3,3,3,3,3,3,3,3,4,4
494,Employee 604,3,3,3,3,3,3,3,3,3,3
495,Employee 605,2,2,2,2,2,2,2,2,0,0
496,Employee 475,3,3,3,3,3,3,3,3,0,0
497,Employee 486,2,2,2,2,2,2,2,2,0,0
498,Employee 591,3,3,3,3,3,3,3,3,0,0
499,Employee 666,3,3,3,3,3,3,3,3,0,0
500,Employee 574,3,3,3,3,3,3,3,3,0,0
501,Employee 646,3,3,3,3,3,3,3,3,0,0
502,Employee 661,2,2,2,2,2,2,2,2,0,0
503,Employee 637,3,3,3,3,3,3,3,3,3,3
504,Employee 518,2,2,2,2,2,2,2,2,0,0
505,Employee 506,3,3,3,3,3,3,3,3,4,4
506,Employee 620,3,3,3,3,3,3,3,3,0,0
507,Employee 496,2,2,2,2,2,2,2,2,0,0
508,Employee 509,3,3,3,3,3,3,3,3,0,0
509,Employee 545,2,2,2,2,2,2,2,2,0,0
510,Employee 503,3,3,3,3,3,3,3,3,0,0
511,Employee 493,2,2,2,2,2,2,2,2,0,0
512,Employee 583,2,2,2,2,2,2,2,2,0,0
513,Employee 492,3,3,3,3,3,3,3,3,3,3
514,Employee 647,3,3,3,3,3,3,3,3,0,0
515,Employee 566,3,3,3,3,3,3,3,3,0,0
516,Employee 526,3,3,3,3,3,3,3,3,0,0
517,Employee 483,2,2,2,2,2,2,2,2,0,0
518,Employee 587,3,3,3,3,3,3,3,3,0,0
519,Employee 588,2,2,2,2,2,2,2,2,0,0
520,Employee 548,2,2,2,2,2,2,2,2,0,0
521,Employee 539,2,2,2,2,2,2,2,2,0,0
522,Employee 670,3,3,3,3,3,3,3,3,0,0
523,Employee 593,3,3,3,3,3,3,3,3,0,0
524,Employee 522,2,2,2,2,2,2,2,2,0,0
525,Employee 517,2,2,2,2,2,2,2,2,0,0
526,Employee 624,2,2,2,2,2,2,2,2,0,0
527,Employee 560,3,3,3,3,3,3,3,3,0,0
528,Employee 642,,,,,,,,,,
529,Employee 625,3,3,3,3,3,3,3,3,4,4
530,Employee 570,3,3,3,3,3,3,3,3,0,0
531,Employee 627,2,2,2,2,2,2,2,2,0,0
532,Employee 481,3,3,3,3,3,3,3,3,0,0
533,Employee 530,2,2,2,2,2,2,2,2,0,0
534,Employee 555,3,3,3,3,3,3,3,3,0,0
535,Employee 632,2,2,2,2,2,2,2,2,0,0
536,Employee 476,3,3,3,3,3,3,3,3,0,0
537,Employee 663,3,3,3,3,3,3,3,3,0,0
538,Employee 662,2,2,2,2,2,2,2,2,0,0
539,Employee 619,2,2,2,2,2,2,2,2,0,0
540,Employee 528,2,2,2,2,2,2,2,2,0,0
541,Employee 513,2,2,2,2,2,2,2,2,0,0
542,Employee 504,3,3,3,3,3,3,3,3,3,3
543,Employee 553,3,3,3,3,3,3,3,3,0,0
544,Employee 631,3,3,3,3,3,3,3,3,0,0
545,Employee 569,2,2,2,2,2,2,2,2,0,0
546,Employee 500,2,2,2,2,2,2,2,2,0,0
547,Employee 585,2,2,2,2,2,2,2,2,0,0
548,Employee 525,2,2,2,2,2,2,2,2,0,0
549,Employee 508,3,3,3,3,3,3,3,3,0,0
550,Employee 532,2,2,2,2,2,2,2,2,0,0
551,Employee 577,3,3,3,3,3,3,3,3,4,4
552,Employee 499,3,3,3,3,3,3,3,3,0,0
553,Employee 597,3,3,3,3,3,3,3,3,3,3
554,Employee 628,2,2,2,2,2,2,2,2,0,0
555,Employee 667,2,2,2,2,2,2,2,2,0,0
556,Employee 573,3,3,3,3,3,3,3,3,3,3
557,Employee 478,3,3,3,3,3,3,3,3,0,0
558,Employee 556,3,3,3,3,3,3,3,3,0,0
559,Employee 549,2,2,2,2,2,2,2,2,0,0
560,Employee 635,3,3,3,3,3,3,3,3,0,0
561,Employee 502,2,2,2,2,2,2,2,2,0,0
562,Employee 546,2,2,2,2,2,2,2,2,0,0
563,Employee 623,4,4,4,4,4,4,4,4,4,4
564,Employee 579,3,3,3,3,3,3,3,3,0,0
565,Employee 645,3,3,3,3,3,3,3,3,0,0
566,Employee 672,3,3,3,3,3,3,3,3,4,4
567,Employee 594,3,3,3,3,3,3,3,3,0,0
568,Employee 653,3,3,3,3,3,3,3,3,0,0
569,Employee 511,2,2,2,2,2,2,2,2,0,0
570,Employee 671,3,3,3,3,3,3,3,3,3,3
571,Employee 607,2,2,2,2,2,2,2,2,0,0
572,Employee 534,3,3,3,3,3,3,3,3,0,0
573,Employee 563,2,2,2,2,2,2,2,2,0,0
574,Employee 564,3,3,3,3,3,3,3,3,0,0
575,Employee 516,3,3,3,3,3,3,3,3,4,4
576,Employee 634,3,3,3,3,3,3,3,3,0,0
577,Employee 618,2,2,2,2,2,2,2,2,0,0
578,Employee 611,3,3,3,3,3,3,3,3,3,3
579,Employee 603,2,2,2,2,2,2,2,2,0,0
580,Employee 571,,,,,,,,,,
581,Employee 521,2,2,2,2,2,2,2,2,0,0
582,Employee 559,3,3,3,3,3,3,3,3,0,0
583,Employee 665,2,2,2,2,2,2,2,2,0,0
584,Employee 654,3,3,3,3,3,3,3,3,0,0
585,Employee 557,3,3,3,3,3,3,3,3,0,0
586,Employee 617,2,2,2,2,2,2,2,2,0,0
587,Employee 480,2,2,2,2,2,2,2,2,0,0
588,Employee 537,3,3,3,3,3,3,3,3,3,3
589,Employee 648,2,2,2,2,2,2,2,2,0,0
590,Employee 510,3,3,3,3,3,3,3,3,3,3
591,Employee 497,3,3,3,3,3,3,3,3,0,0
592,Employee 576,3,3,3,3,3,3,3,3,0,0
593,Employee 488,3,3,3,3,3,3,3,3,3,3
594,Employee 501,3,3,3,3,3,3,3,3,0,0
595,Employee 596,3,3,3,3,3,3,3,3,3,3
596,Employee 639,3,3,3,3,3,3,3,3,0,0
597,Employee 641,3,3,3,3,3,3,3,3,3,3
598,Employee 638,3,3,3,3,3,3,3,3,0,0
599,Employee 610,4,4,4,4,4,4,4,4,4,4
600,Employee 477,3,3,3,3,3,3,3,3,0,0
601,Employee 485,3,3,3,3,3,3,3,3,0,0
602,Employee 479,3,3,3,3,3,3,3,3,0,0
603,Employee 626,3,3,3,3,3,3,3,3,3,3
604,Employee 651,2,2,2,2,2,2,2,2,0,0
605,Employee 514,3,3,3,3,3,3,3,3,3,3
606,Employee 551,3,3,3,3,3,3,3,3,3,3
607,Employee 558,2,2,2,2,2,2,2,2,0,0
608,Employee 487,2,2,2,2,2,2,2,2,0,0
609,Employee 615,2,2,2,2,2,2,2,2,0,0
610,Employee 582,3,3,3,3,3,3,3,3,4,4
611,Employee 584,3,3,3,3,3,3,3,3,0,0
612,Employee 650,3,3,3,3,3,3,3,3,0,0
613,Employee 489,3,3,3,3,3,3,3,3,0,0
614,Employee 498,3,3,3,3,3,3,3,3,4,4
615,Employee 599,2,2,2,2,2,2,2,2,0,0
616,Employee 595,4,4,4,4,4,4,4,4,4,4
617,Employee 636,3,3,3,3,3,3,3,3,0,0
618,Employee 602,2,2,2,2,2,2,2,2,0,0
619,Employee 601,3,3,3,3,3,3,3,3,0,0
620,Employee 562,2,2,2,2,2,2,2,2,0,0
621,Employee 658,3,3,3,3,3,3,3,3,0,0
622,Employee 490,3,3,3,3,3,3,3,3,3,3
623,Employee 535,2,2,2,2,2,2,2,2,0,0
624,Employee 643,3,3,3,3,3,3,3,3,3,3
625,Employee 568,2,2,2,2,2,2,2,2,0,0
626,Employee 538,3,3,3,3,3,3,3,3,0,0
627,Employee 669,4,4,4,4,4,4,4,4,4,4
628,Employee 507,3,3,3,3,3,3,3,3,0,0
629,Employee 590,4,4,4,4,4,4,4,4,4,4
630,Employee 561,3,3,3,3,3,3,3,3,0,0
631,Employee 543,3,3,3,3,3,3,3,3,3,3
632,Employee 515,2,2,2,2,2,2,2,2,0,0
633,Employee 612,2,2,2,2,2,2,2,2,0,0
634,Employee 567,3,3,3,3,3,3,3,3,0,0
635,Employee 531,3,3,3,3,3,3,3,3,0,0
636,Employee 552,2,2,2,2,2,2,2,2,0,0
637,Employee 652,2,3,3,3,3,3,3,3,0,0
638,Employee 630,3,3,3,3,3,3,3,3,3,3
639,Employee 589,3,3,3,3,3,3,3,3,0,0
640,Employee 524,2,2,2,2,2,2,2,2,0,0
641,Employee 482,3,3,3,3,3,3,3,3,3,3
642,Employee 633,2,2,2,2,2,2,2,2,0,0
643,Employee 540,3,3,3,3,3,3,3,3,0,0
644,Employee 664,2,2,2,2,2,2,2,2,0,0
645,Employee 659,2,2,2,2,2,2,2,2,0,0
646,Employee 657,2,2,2,2,2,2,2,2,0,0
647,Employee 505,2,2,2,2,2,2,2,2,0,0
648,Employee 580,3,3,3,3,3,3,3,3,0,0
649,Employee 640,2,2,2,2,2,2,2,2,0,0
650,Employee 644,2,2,2,2,2,2,2,2,0,0
651,Employee 606,2,2,2,2,2,2,2,2,0,0
652,Employee 565,3,3,3,3,3,3,3,3,0,0
653,Employee 520,2,2,2,2,2,2,2,2,0,0
654,Employee 598,2,2,2,2,2,2,2,2,0,0
655,Employee 519,2,2,2,2,2,2,2,2,0,0
656,Employee 495,3,3,3,3,3,3,3,3,0,0
657,Employee 609,2,2,2,2,2,2,2,2,0,0
658,Employee 544,2,2,2,2,2,2,2,2,0,0
659,Employee 629,2,2,2,2,2,2,2,2,0,0
660,Employee 614,3,3,3,3,3,3,3,3,3,3
661,Employee 622,2,2,2,2,2,2,2,2,0,0
662,Employee 660,3,3,3,3,3,3,3,3,0,0
663,Employee 484,3,3,3,3,3,3,3,3,0,0
664,Employee 512,3,3,3,3,3,3,3,3,3,3
665,Employee 613,3,3,3,3,3,3,3,3,0,0
666,Employee 142,3,3,3,3,3,3,3,3,3,3
667,Employee 159,3,3,3,3,3,3,3,3,3,3
668,Employee 245,3,3,3,3,3,3,3,3,3,3
669,Employee 322,3,3,3,3,3,3,3,3,3,3
670,Employee 1,3,3,3,3,3,3,3,3,3,3
671,Employee 193,3,3,3,3,3,3,3,3,3,3